"","V1","V2","V3","V4"
"X600381.SH",-1.21827822224366,-0.33304185307723,9.7898820667937,2.34974077521748
"X600446.SH",2.74178471698682,-0.240631671696346,3.49015075991464,2.07156961326022
"X600155.SH",1.64204441642669,1.62690803056183,2.01062077425272,1.74807640801504
"X600228.SH",1.6792162537796,1.13827355733372,1.92180454986748,1.5897099336722
"X600330.SH",2.28582049507373,0.499174767249834,1.66750971019539,1.56433354126306
"X600192.SH",3.01527313862837,0.816781898338399,0.0685789754508234,1.47171751758812
"X600566.SH",2.11139195896006,-0.59598275277468,2.64596771686944,1.45955227281245
"X600200.SH",2.36737140828151,-0.684153712384331,1.9850125037307,1.33720620071651
"X600539.SH",1.9618696299003,1.36384133971297,0.3276731657271,1.29220220359214
"X600398.SH",1.74183857378729,-0.0487664567765496,1.97306480897672,1.27402493517497
"X600071.SH",1.70443891393215,0.695399149648723,1.25372632410493,1.26651320769896
"X600603.SH",1.48800164479684,1.18511320107482,0.80830859430117,1.19322719653153
"X600211.SH",2.50569257046265,-1.0697223477695,1.68342513780968,1.18638786519712
"X600372.SH",1.21203265530574,-2.3931689027118,4.6702474253834,1.16793661892378
"X600297.SH",2.5111002039114,0.181516015834966,0.350903332865304,1.16416588617464
"X600630.SH",1.57153056738751,1.17510890242189,0.593199068421252,1.15910461820795
"X600633.SH",1.57442605582039,-1.59470284870005,3.26773556807151,1.13168023813959
"X600220.SH",2.40341601080428,1.1852399696141,-0.629154334517153,1.1281920948508
"X600229.SH",1.19757640241721,2.07616625043401,0.0860403350513844,1.1276925366125
"X600184.SH",2.15335658080254,-0.273486475927943,1.15669196761274,1.12630427982645
"X600389.SH",0.167298981797695,0.157149255976591,3.24727827060859,1.08824785069463
"X600399.SH",-0.7045298417219,1.75426486069164,2.700491175188,1.05461487407513
"X600232.SH",1.43832177825701,1.54905694867763,0.0484097424975389,1.05456871865535
"X600605.SH",1.38830989225666,0.897929443436766,0.653066219908819,1.02062265590634
"X600182.SH",2.25616822626947,-0.814975201785956,1.16384188668278,1.00712729597683
"X600540.SH",2.36881015764195,0.913491000439271,-0.724685607328268,1.00416568099008
"X600119.SH",1.25134040267012,-0.462334793742391,2.12280365075879,0.998676818172969
"X600370.SH",1.06193846985839,1.3950624342687,0.514429503438381,0.997622969255482
"X600435.SH",1.93920063422769,-0.357036398371978,1.06853765676838,0.989130631209995
"X600212.SH",1.22545290879942,0.742721266568842,0.916714711055038,0.988011956806931
"X600016.SH",2.39530597523666,-0.405582902842799,0.41831270071827,0.961941329457305
"X600255.SH",1.50635596551875,0.476112947218862,0.705796736273591,0.957115291255235
"X600409.SH",1.98244833303433,0.54713158908999,-0.0299783850319493,0.948125294431145
"X600234.SH",0.17946395525658,0.953064557316562,1.95438889594716,0.94402161808175
"X600273.SH",2.21820467356107,0.480938697705026,-0.295506825928919,0.942911430957258
"X600218.SH",1.49103700944657,0.457166408985484,0.653937176990697,0.929745879571481
"X600299.SH",1.47750712488187,1.88208839179908,-0.760307869815514,0.927537006547818
"X600287.SH",1.85110784105402,0.329015027376361,0.213913388167661,0.903321661084813
"X600620.SH",1.91816554934144,-0.614142004448128,1.06043782698408,0.901154966497361
"X600569.SH",0.975031342302711,2.6110753192954,-0.934095543602361,0.893106469628995
"X600390.SH",1.4329150878786,0.563837792918927,0.491861030998225,0.889875682326584
"X600158.SH",1.94257308932847,-0.444351781210998,0.798679978960395,0.883327695056208
"X600057.SH",0.916137897995208,0.0143188867581502,1.65663709864703,0.867741954819636
"X600278.SH",1.29098946544517,0.890736421312663,0.25035434731915,0.858723016767613
"X600456.SH",1.64197378251068,0.968212176445191,-0.298125549817601,0.857815500992551
"X600418.SH",1.0484214380937,0.387242786918184,1.04310372168751,0.848472527819186
"X600387.SH",1.72127190806079,-0.480578290999648,1.00269986853399,0.845145236484617
"X600352.SH",1.26260434095849,-0.0785683737306476,1.18240316721573,0.836192174428918
"X600242.SH",1.34563478368698,0.848656096473363,0.143741965590547,0.835973332093965
"X600400.SH",1.18494345891715,1.16814553678447,-0.021381297560894,0.81800665533393
"X600617.SH",0.188391013021443,0.385950414941281,2.06463581764075,0.810532274983186
"X600201.SH",1.86950533593569,-1.89787761557495,2.09327194341119,0.806420432725151
"X600281.SH",1.13194265681343,1.4395319023764,-0.287315306607306,0.798442041456101
"X600590.SH",1.64062210991608,1.17082444264145,-0.747988067420718,0.783099756532652
"X600080.SH",1.08238132834462,-0.248474661528355,1.40314964127747,0.779355025262581
"X600312.SH",1.28998841055004,0.445217236746217,0.285825473576413,0.735308177316806
"X600624.SH",1.2770221819676,-0.270604251703684,1.00416654761562,0.73087756156062
"X600608.SH",1.09083863346958,0.636870789649066,0.286059708359521,0.71321460279041
"X600531.SH",1.08463411600229,0.909266323482607,-0.00655567734719737,0.704666840241539
"X600359.SH",1.95871572717956,0.14496696046903,-0.482506311125171,0.682224485674982
"X600265.SH",1.45003627407691,0.00180302033106389,0.306718928554199,0.672571094296344
"X600103.SH",0.762412403175188,1.6874449505957,-0.473991908837436,0.669000873797555
"X600513.SH",2.1828085593018,-1.05208885300686,0.370642483530509,0.668689512877817
"X600010.SH",0.170940792702048,1.5122121810259,0.475628664712987,0.664728570802486
"X600306.SH",1.95722456668799,-0.00716312126899592,-0.39043668308562,0.663609885368813
"X600536.SH",-0.495471147089811,0.855782549686771,2.00182882126378,0.659094952449242
"X600282.SH",1.52122436405939,1.25233176288821,-1.08611806650116,0.65835385453987
"X600241.SH",0.741059723928594,1.42908776124181,-0.280041933990926,0.641137637746703
"X600383.SH",0.887289917190104,0.64786235766294,0.304362636506459,0.640583465126861
"X600171.SH",0.901257200667679,-0.00359975340186489,0.908681392659094,0.63202737204424
"X600179.SH",0.588842358093962,-0.123176088613487,1.42300088062511,0.62548438084107
"X600082.SH",1.25990099576928,0.393511857005708,-0.00242993808818571,0.621284973982969
"X600422.SH",2.04116775545041,-1.9469310950111,1.28947945460865,0.619231610059425
"X600577.SH",1.36262811295919,0.352274542292996,-0.113945141932901,0.616550065291703
"X600606.SH",0.67551624054668,0.579581982500975,0.555569863742492,0.610752050091712
"X600148.SH",0.80393677385619,-0.360057807392019,1.31211445153032,0.607191702783967
"X600576.SH",0.879606987489131,0.198311193092054,0.625204777206078,0.598897586085092
"X600530.SH",1.44327791110389,-0.0510586077402144,0.118713579954598,0.597607656105872
"X600006.SH",0.368064172603894,1.69058230817282,-0.192976629993879,0.596507372495239
"X600101.SH",1.21935081793116,-0.388470181508782,0.738326076112697,0.592697095553638
"X600078.SH",0.839530818847429,1.07557393171597,-0.221307352168377,0.592092301403248
"X600051.SH",0.882547593742026,0.773519563735568,0.00991022604270221,0.588047974430291
"X600392.SH",1.59778640607654,-1.03015666071885,0.825359268196717,0.577675344673975
"X600188.SH",1.99476032970233,-0.0781062748635202,-0.686220408048891,0.56860612700721
"X600580.SH",1.32433072277874,0.577659140662978,-0.451680977007293,0.567525738208201
"X600131.SH",1.46490467261756,-0.18304944655106,0.118657320511447,0.566644231235139
"X600230.SH",1.06075456683095,0.575276857258994,-0.178668588053092,0.543284307494152
"X600151.SH",0.967544531368253,0.493749509504397,-0.0300323681355058,0.526132954957968
"X600583.SH",0.884586572000896,0.331461950827904,0.232484834605039,0.523018664430241
"X600444.SH",-0.363531510252414,1.78207809824628,0.424513030791723,0.516564734610437
"X600571.SH",0.631564334232213,-0.429897514602206,1.30807361768068,0.516078564616426
"X600495.SH",0.680934567747223,0.374134929697577,0.415114037700416,0.509148517318287
"X600152.SH",-0.377425073827726,1.22310378531835,0.964642096632944,0.505353735054298
"X600262.SH",0.597581424413309,-0.0824586695004944,0.967240623385276,0.504467155930758
"X600141.SH",1.65961655772079,0.0555778894312946,-0.607283845406489,0.498334836295759
"X600079.SH",1.11786764505765,-0.784415291582551,0.937374860864161,0.493034928807544
"X600088.SH",1.25867324510051,-0.290895328529431,0.249232224126304,0.490970366719266
"X600336.SH",1.60532314679926,-0.271143808913695,-0.242964927773694,0.487896637713486
"X600354.SH",0.707066904576235,1.45394416721932,-0.831781345547353,0.469475608332086
"X600116.SH",0.684989585531035,-0.264971626877248,0.901189425975863,0.464861173941999
"X600623.SH",1.32613295290488,-0.144591405589238,-0.0899609583466972,0.46008747198117
"X600163.SH",0.054296195332331,1.5391589405492,-0.085131139956437,0.457926818310761
"X600076.SH",2.04896501230612,-1.18681469151886,-0.0267917396656104,0.455504075567104
"X600323.SH",1.0504489928584,-0.267414856208636,0.3813416106932,0.454357623488729
"X600206.SH",0.728518352995842,0.0358594867569173,0.473148913507551,0.444109861277677
"X600610.SH",1.26930263940091,-1.29540263036203,1.08067766013291,0.443303564691631
"X600061.SH",0.663733605885859,0.282795475261163,0.303144084051953,0.441275310148278
"X600516.SH",1.15266830326403,-0.896685489189738,0.797484113213315,0.431306908512684
"X600120.SH",-0.151695750528855,0.865434866329222,0.772998955353033,0.430851846293135
"X600337.SH",0.681835682810293,0.640245287079717,-0.115895863960748,0.430039100059808
"X600129.SH",0.338961401312406,0.654228251964208,0.320267550312322,0.427933301207921
"X600114.SH",0.307872931636513,0.00633912019313503,1.00878633860735,0.42768681029475
"X600105.SH",0.517877941329298,0.8276960811312,-0.116568831870574,0.420489351309907
"X600260.SH",0.45619396933625,0.190893927042651,0.574772052644881,0.41217738164076
"X600070.SH",0.314631294609533,0.770091727432479,0.159077886149987,0.404603401918553
"X600584.SH",-0.061455868866697,1.06861514353535,0.34939418143925,0.4008204499457
"X600626.SH",-0.586033210928281,0.729650328099185,1.38430061421166,0.399771998321941
"X600527.SH",1.26035155330081,-0.203108430213327,-0.168185984367332,0.392752296946128
"X600053.SH",0.741622964993904,0.128794642792108,0.19098307499551,0.392582501333847
"X600356.SH",0.775551649369505,1.06643278439297,-0.795077382196734,0.391627280406672
"X600073.SH",0.893147165100055,0.221646253015018,-0.123092675252338,0.386824939368826
"X600452.SH",0.964335255082534,-0.330982948938835,0.324616660771563,0.383824215582832
"X600099.SH",0.973346405713227,-0.0471879450715457,-0.0147257912207279,0.370764441397609
"X600250.SH",0.626417106431528,0.16459363010128,0.220999786701449,0.36624486761343
"X600568.SH",1.00578654798372,-0.584222190901638,0.446939956807236,0.361129948965169
"X600629.SH",0.37353927531896,0.255083550807354,0.419560647319631,0.351808969565679
"X600420.SH",1.17458040123088,-1.04742657540246,0.650739991629606,0.350826185360495
"X600455.SH",-0.0717078693873932,0.451930095768749,0.789453056193352,0.343731797833673
"X600319.SH",-0.532373987444652,1.95610941929593,-0.111941424399942,0.340300803490935
"X600469.SH",0.694901851224798,0.364328343161671,-0.159446815522476,0.339425198781678
"X600217.SH",-0.214970464180082,0.354026717012516,1.04358652826522,0.333295787911287
"X600587.SH",-0.054375323717365,-1.44459666033565,2.61469581243265,0.329279616142155
"X600512.SH",1.10535976245289,0.480117003372985,-0.869474016519269,0.32533680103727
"X600004.SH",0.860707022829559,0.286940072269204,-0.350451663324276,0.325229331815302
"X600596.SH",0.0834952809322455,1.31883375327932,-0.353515182473304,0.322993683614703
"X600618.SH",-0.266137363538662,0.694302702159905,0.727177864744147,0.319989224655751
"X600017.SH",1.15447053339017,0.389736406041764,-0.872204301623034,0.317047844681686
"X600108.SH",0.670571744521926,-0.469330915852678,0.629858034317789,0.316386833348304
"X600050.SH",-0.288863571160431,2.17056041657381,-0.733457335124082,0.315585495970745
"X600290.SH",0.212843591172612,0.515090769481677,0.247354010154636,0.313870870359938
"X600537.SH",0.967817732893764,-0.232792608830773,-0.0302313636105163,0.308219901425119
"X600493.SH",-0.0832110057355842,0.898899897141784,0.234007054876405,0.306587683311223
"X600557.SH",1.51942213393325,-1.87725534205919,0.870814375023319,0.305836563462539
"X600338.SH",0.0362228555269919,0.813941093056165,0.150722345057334,0.303888173644847
"X600008.SH",0.397576358623485,0.0356455531117908,0.444579744292947,0.303098132670815
"X600052.SH",-0.130519546546725,0.957301534421316,0.217261019562097,0.300160947576334
"X600318.SH",-0.00377928499370597,-0.245686874463159,1.24237158308233,0.29749369858827
"X600235.SH",-0.306687541376783,1.839212497991,-0.448352543928054,0.294582969668171
"X600269.SH",1.2924665891108,0.34744086572256,-1.08885326528127,0.294562915776705
"X600289.SH",0.124045458770366,0.801931994109964,-0.00564325235340233,0.288504806035115
"X600187.SH",1.3886000708386,-1.15574763345953,0.245961610446848,0.282504221431634
"X600022.SH",-0.181569698747852,2.26302161279673,-1.09753841174309,0.277017080816952
"X600482.SH",0.293455090627403,0.187791898682613,0.330087359474494,0.272745813698093
"X600300.SH",0.62371376124232,0.291988421230116,-0.257043652348623,0.259968935161376
"X600075.SH",0.537343639494731,1.0725213500656,-0.940276622987973,0.254610873921181
"X600346.SH",0.160352451153034,0.609208120183112,0.0121054647260884,0.250535055933974
"X600386.SH",0.548921211007564,0.129668625539359,-0.0670701921326724,0.238348014425032
"X600410.SH",-0.557648086441596,0.642435764657643,0.890028527334127,0.236680053020893
"X600243.SH",-0.285934880944747,1.08372718848359,0.0860004645051312,0.236544343518717
"X600033.SH",1.0313566818202,0.361361118347306,-0.951386804334642,0.235534966931878
"X600117.SH",0.4376335007185,1.12788925674927,-0.939119683209089,0.231684272349454
"X600320.SH",0.205145814446607,1.21981722040537,-0.74762059288851,0.223717314033702
"X600367.SH",-0.42112915438659,0.541299126761974,0.751713824069818,0.219452223494902
"X600072.SH",0.729144223621434,-0.227702202265999,-0.0153586753528193,0.218739426162928
"X600121.SH",0.702808260379261,0.956993405485612,-1.16505355176344,0.218705260268355
"X600378.SH",1.23466977400334,-1.64799717217303,0.721611260506003,0.215952136101228
"X600138.SH",0.0740335727700173,0.370346575907607,0.247266205545293,0.214897263543877
"X600128.SH",0.186672955653686,0.687780358185132,-0.225906626176531,0.213231301864054
"X600476.SH",-0.0994310768708323,0.114132241401989,0.714460454841906,0.208805378124836
"X600169.SH",0.305435258760793,0.687725378845335,-0.420917137726588,0.202216575839942
"X600523.SH",0.309675161762652,0.301761339027759,-0.0472906228788966,0.20021127954972
"X600176.SH",0.858454235171885,-0.0530444433359451,-0.443098011445799,0.194538957634231
"X600000.SH",1.07066683252472,-0.138331894054007,-0.640808022336777,0.194524758092652
"X600189.SH",-0.483306093738375,1.31044031289724,-0.0469433099444593,0.185726663390484
"X600579.SH",-1.10210411934114,1.24510227000226,0.836731690598265,0.183708540443701
"X600340.SH",0.426091504184681,-2.14237572916319,2.16061470448277,0.175908294269747
"X600055.SH",0.477504006263619,-0.452399560763782,0.398082232920585,0.174706404152489
"X600502.SH",0.939104033316592,-0.767603643506538,0.0778026193162157,0.16870130606954
"X600027.SH",-0.375622843701588,1.00479368753514,0.0405982353451915,0.163368439383464
"X600301.SH",-1.36324231259118,1.60684937828194,0.741586954091587,0.159233974675585
"X600481.SH",0.930823261740823,-0.18495680198693,-0.535272259454555,0.156260586263884
"X600257.SH",1.11572258567818,-0.935622214372385,-0.0371459144037802,0.154458595638424
"X600060.SH",0.604837512348855,0.111541443890732,-0.404210550236472,0.15413427303582
"X600335.SH",0.285504830994265,-1.25050144557809,1.38188611745111,0.15361733395961
"X600268.SH",0.694000736161729,1.18703277692768,-1.6034027757734,0.152689294810976
"X600059.SH",0.842234164036637,-0.293221771471523,-0.364583417072447,0.139552109051464
"X600332.SH",-0.36526002047629,-1.16101096683753,2.09394861481518,0.13377728620278
"X600292.SH",-1.30331680510102,0.448229544015462,1.72869023106985,0.131749210485184
"X600126.SH",-0.830881859535513,1.74466446105911,-0.228003987868722,0.12264539814291
"X600438.SH",-0.182784220204747,0.427493593990445,0.221933450673134,0.121714425317175
"X600098.SH",-0.0638049922782085,0.672206325704801,-0.21180435261599,0.11259859501536
"X600266.SH",0.45024911160147,0.00397254418280562,-0.241091743446372,0.108963884861518
"X600156.SH",-0.614849320552399,0.733385908346926,0.441663409109677,0.106575067016021
"X600550.SH",1.22385639324651,0.646877515091088,-1.95663377043353,0.0966156806958688
"X600110.SH",-0.122153512729155,0.266920355150249,0.215790597706821,0.0959518807654591
"X600226.SH",-0.258928443034107,1.05605390977207,-0.399259204865017,0.0934670342584718
"X600207.SH",-0.634242866802491,1.06236300586784,0.0832021267608928,0.0899723930676249
"X600345.SH",-0.277851859358563,0.456922029521947,0.197444033794564,0.0851690752515281
"X600284.SH",-0.0230286131213692,0.143032314861486,0.157386090736788,0.0809140764309345
"X600567.SH",0.226064458670563,1.10110346741674,-1.13392747895591,0.0805785800064737
"X600419.SH",-0.421661328699315,-0.54232787611942,1.36901383976795,0.0793412576148317
"X600279.SH",-0.255774540313364,0.485073051024098,0.120430203742303,0.0793411603045745
"X600563.SH",0.278586692086759,-1.12515823533868,1.0137750331563,0.0780197161799909
"X600380.SH",0.329950250681712,0.377823732968541,-0.579196038780963,0.0715684085289585
"X600561.SH",0.302015683726562,-0.403404823949061,0.237120324297025,0.070920923595014
"X600261.SH",0.945862396289612,-0.685982114335623,-0.339953639635546,0.0705642323244943
"X600490.SH",0.750051887717304,-1.40733498034174,0.636848706879718,0.0688748730483159
"X600199.SH",1.94835290395426,-1.77387533142721,-0.605928069140981,0.0654001414112463
"X600593.SH",-0.0994310768708323,-0.204526870512115,0.5466861725845,0.0628753598733826
"X600160.SH",0.157386716103932,-0.399956051806831,0.395650122117338,0.061662907534725
"X600009.SH",0.40203945572726,-0.323343267796212,-0.0103225573740603,0.0607160347398224
"X600178.SH",0.290751745438195,1.08219050775204,-1.28149562986136,0.0565091615424814
"X600227.SH",-0.105490090697863,1.55137790858549,-1.24820407351446,0.048756114242165
"X600149.SH",-0.0322244076079955,-1.60202269971253,1.80173700162437,0.0470245275303536
"X600037.SH",-0.724354373109426,1.12264635606522,-0.00500304540330658,0.0455512439548042
"X600393.SH",-0.204491970944428,0.451078774016063,-0.0393395725555666,0.041724972060378
"X600376.SH",0.674176204774203,0.455207693214885,-1.22168008413337,0.0397287646341349
"X600305.SH",-0.194498716024649,-0.439129931897503,0.828057435776101,0.0388787647537199
"X600165.SH",-0.741025001776209,1.02522480854776,0.0906577692740989,0.0383547726360736
"X600615.SH",-0.148421342987692,0.00436379598878339,0.317313140216333,0.0371345436664583
"X600461.SH",0.151078910662447,0.343906795834517,-0.433516041426963,0.0335487905872448
"X600522.SH",0.0321317223372928,0.232655996493465,-0.170398668752768,0.0315298872571261
"X600429.SH",-0.692815345901998,0.57386264236749,0.451227781919884,0.0304009889254125
"X600597.SH",-0.812213091758687,-0.212338591118527,1.3931041022756,0.0293444166436471
"X600508.SH",0.817904057333764,0.178620386268941,-1.17567714447927,0.0280445954704066
"X600249.SH",-1.21050594963534,2.04099163699265,-0.37052820043729,0.0169366511124722
"X600588.SH",0.363291508015278,-0.221322686431041,-0.213270369557753,0.0149386864094729
"X600428.SH",-0.0525730935912262,1.07966108967981,-0.969892470730237,0.011901348248382
"X600558.SH",-0.322006497448962,1.13411650255131,-0.676772345530375,0.00840064812669436
"X600177.SH",0.279487807149828,0.317580818896259,-0.699835268109437,-0.00288121190402207
"X600168.SH",-0.00613232341549669,-0.168818125168613,0.118607897568885,-0.017515997646117
"X600436.SH",1.2900883503821,-3.33282905629462,1.55269326028541,-0.0180053986499224
"X600460.SH",0.362206792172525,0.0705016701616795,-0.639018742727217,-0.0256724049006514
"X600486.SH",-0.230543318547423,-0.00257176400492137,0.219829484416353,-0.0270400112955395
"X600026.SH",-0.179630317484005,1.05754533264031,-0.910905535059956,-0.0278601877194949
"X600190.SH",-0.154399095718062,0.272595766595555,-0.179412713553043,-0.0338047223744714
"X600038.SH",-0.114043293670336,-0.636164809923509,0.660508393300071,-0.038314242455166
"X600548.SH",-0.184135892799351,0.0923970105259877,0.0242442017948891,-0.0386619934234774
"X600529.SH",-0.333270435737328,0.667295337402285,-0.394719878830564,-0.0515355367234148
"X600421.SH",-0.785336182863766,0.492401351434869,0.370700761190933,-0.0552038393577658
"X600598.SH",0.711121922360047,-0.639851854572971,-0.494300166846611,-0.0557968374818556
"X600066.SH",0.444842421223054,-0.948422566212181,0.151065262430518,-0.0612702226452775
"X600549.SH",-0.415271906476639,-1.25435328703897,1.59285198327526,-0.0645591537197699
"X600426.SH",-0.154849653249597,0.765067502872752,-0.777397722190224,-0.0656389270950804
"X600526.SH",-0.729310505956307,0.845322036479174,-0.0954283463503007,-0.066756095343861
"X600622.SH",0.251102682663144,0.0241928651923013,-0.584593484987979,-0.0676791128734456
"X600308.SH",-0.480602748549167,1.98234315587672,-1.56997325117575,-0.0685301280093769
"X600546.SH",1.16753670180467,-0.147547402979747,-1.65070096949066,-0.0724598310192547
"X600236.SH",0.417358411799439,-0.135965258953492,-0.672263923097216,-0.0755253898954368
"X600133.SH",-0.280283769602876,0.772489941162465,-0.652130978775376,-0.0760058191250237
"X600355.SH",-1.13616395693212,0.424109729467048,0.83517853866883,-0.076679102332084
"X600483.SH",-0.82160032296717,0.297405202851608,0.536550389904408,-0.0784534513600633
"X600405.SH",-0.562153661756943,-0.188536821772736,0.673700385404349,-0.0793123956132932
"X600361.SH",-0.717596010136406,1.53737255250703,-0.847848794115235,-0.0801812765370237
"X600505.SH",0.721935303116879,-1.34423165248728,0.111192086322449,-0.0811377486026984
"X600601.SH",-1.05190001427764,1.23915537760119,-0.113630728371613,-0.0831026109421802
"X600501.SH",-0.741926116839278,0.270385232397443,0.414937502608189,-0.0911736262340215
"X600183.SH",0.146384851662846,-0.0896060761515862,-0.412095296791573,-0.0919564712178091
"X600095.SH",-0.814676106807185,0.619601195358581,0.151007940570859,-0.094687701944042
"X600448.SH",-1.01090896316548,0.900887573188304,0.130056241600777,-0.0950804408294672
"X600600.SH",0.381313809276665,-1.0266129106099,0.192550996010759,-0.0976930506690772
"X600302.SH",-1.46912597273624,1.77455043499625,-0.142433103620947,-0.0980151896819075
"X600449.SH",-0.16476191894336,1.04567114209667,-1.15796551658451,-0.0995930799236951
"X600303.SH",-0.0530236511227608,0.928643956751919,-1.1906808223328,-0.0998205201233673
"X600395.SH",1.17429506477769,-1.00552456389401,-0.897413140947307,-0.10116328554132
"X600288.SH",-1.33418069429708,1.00454453705707,0.407358917181929,-0.110101241447134
"X600551.SH",-0.694617576028137,0.376202057836543,0.175454239799203,-0.112350141120531
"X600628.SH",0.0141094210759053,0.177532547771748,-0.584877920821514,-0.116559843484568
"X600011.SH",-0.626583388766401,0.431179484925661,0.00918073121514638,-0.118525290664318
"X600137.SH",-0.6486607078116,0.266109625601529,0.198810148046052,-0.119988351030366
"X600360.SH",-0.643704574964719,0.933840903472968,-0.476058870079811,-0.120147219967941
"X600480.SH",-0.908181845975573,0.648448466032371,0.149662908179328,-0.12383932612672
"X600283.SH",-0.645056247559323,0.180942667509947,0.262655179593845,-0.124943144892592
"X600408.SH",-0.931373147709078,1.84939914683376,-1.02769862584557,-0.126039102787176
"X600173.SH",0.162342848950814,-0.0617809980042171,-0.590308937893803,-0.130689841189081
"X600488.SH",-0.299478620872228,0.70935019589257,-0.751635635081077,-0.132477080105443
"X600322.SH",-0.561252546693874,0.73268584558962,-0.433229387237834,-0.134664081172014
"X600573.SH",-0.745739244807225,1.0101688016057,-0.467455069557973,-0.135481578308573
"X600602.SH",-0.723002700514822,0.391534342871327,0.108547855085332,-0.139176420818931
"X600104.SH",-0.398601277809856,0.0242791772016186,0.0353574637753394,-0.141549518830855
"X600621.SH",-0.675243602172146,0.461304798009524,-0.0376412230799695,-0.142998368389992
"X600213.SH",-0.399502392872925,-0.353296685692857,0.407031879942809,-0.143680398874185
"X600391.SH",-1.09155876131019,0.591360057808196,0.376703425680462,-0.146204459477476
"X600081.SH",0.104671484914375,-1.54620172365623,0.916491917824352,-0.147044347783812
"X600225.SH",-0.616220565541104,0.455798031292882,-0.139804814242796,-0.151690261101416
"X600203.SH",-0.590723828102413,-0.272551037236528,0.551312287573079,-0.15266115614
"X600100.SH",-0.433744765269561,0.763755764080805,-0.694459249795922,-0.152708951822359
"X600578.SH",0.502603493080604,-0.319355572778299,-0.873475329597109,-0.15680787348038
"X600498.SH",0.388114436388196,-0.0521956955601576,-1.02159133951639,-0.166890335967685
"X600543.SH",0.210101947293489,-0.227432799302001,-0.609427626095976,-0.167017348701997
"X600277.SH",-0.832488180677748,1.10618242485799,-0.555574902368034,-0.167813015524112
"X600135.SH",-0.818070339668638,-0.118624328514511,0.648991702966806,-0.168117923531767
"X600215.SH",-0.863112137297353,0.973502503783334,-0.385253725304196,-0.1687702213752
"X600321.SH",0.341942263914253,0.634610887449512,-1.65468340035963,-0.169244848307334
"X600271.SH",-0.158904671033409,-1.00248325789958,0.64833773884521,-0.169805524129674
"X600113.SH",-0.0699853312373897,-1.05593411890763,0.581556554679472,-0.170307401763404
"X600589.SH",-0.639198999649372,0.542030234684753,-0.275972585106676,-0.175862304986326
"X600328.SH",-0.963138172356119,0.603155891539134,0.0850476433681841,-0.178794208470252
"X600416.SH",-0.82888372042547,0.742602935415733,-0.236476353627253,-0.179715513633644
"X600371.SH",0.177661805022992,-1.19062841267589,0.354157069459996,-0.17987668095557
"X600379.SH",0.280681549298251,-0.488653931037508,-0.485613350071518,-0.180007564613407
"X600058.SH",-0.758965740323021,0.334466877725039,0.0513828608504061,-0.187831374556575
"X600397.SH",0.100165909599028,0.29017020650034,-1.05765395868234,-0.190178761814988
"X600358.SH",-1.23865487725963,0.561256691338744,0.455106045468928,-0.190553129861551
"X600462.SH",-1.38102183169335,0.580031802333017,0.597638785426329,-0.199107556349534
"X600089.SH",-0.33189278894472,0.322152286477136,-0.551998028425804,-0.201710838162488
"X600272.SH",0.54081117543994,-2.1132711256073,0.713425625625116,-0.203629179818681
"X600198.SH",-0.657128217462751,-0.0652847587969478,0.242134404615061,-0.209796393239666
"X600595.SH",-0.429239189954214,1.35264265448592,-1.5025960962402,-0.21668170850797
"X600136.SH",-0.064224571106524,-1.66666767819495,1.00542805499106,-0.224061715403775
"X600362.SH",0.0663740947339278,0.261677335630145,-1.09781991844942,-0.224293136952212
"X600196.SH",-0.738980728924876,-0.246799239924904,0.482569813327968,-0.224861119549031
"X600368.SH",-0.114719145258571,-0.00345534928770715,-0.601102165605915,-0.227254912571515
"X600039.SH",-0.207986664434988,0.0563891932012897,-0.545817319389609,-0.230023103630491
"X600307.SH",-0.212070459754501,1.13924793635285,-1.62970883322749,-0.231966452964193
"X600143.SH",-0.0814087756094454,-0.431215576096519,-0.26517948084437,-0.241482027326045
"X600130.SH",-0.289764706611411,-0.691238234724359,0.27097656998123,-0.241984382067503
"X600083.SH",0.514771823947962,-2.09527301245166,0.593939800922006,-0.244491233879711
"X600382.SH",-0.636946211991699,-0.757900088617603,0.780836676884519,-0.247897508316605
"X600030.SH",-0.819422012263242,0.311790703223566,-0.0467980431915881,-0.248271006895703
"X600528.SH",-0.881598951615027,0.656859106877841,-0.309632743868105,-0.24847167174309
"X600343.SH",-0.817379513160125,0.271917268451525,-0.0269363124809389,-0.253457518472874
"X600067.SH",0.274531674302947,-0.720842388680405,-0.498519069558793,-0.25599576775058
"X600112.SH",0.10372424868577,-1.54809410713915,0.543178497869573,-0.259984983306564
"X600295.SH",-0.570263697324567,0.322148249303437,-0.439277550462473,-0.263244269277538
"X600123.SH",0.785013357531733,-0.354460439264079,-1.59414399921565,-0.270575988531224
"X600388.SH",-0.48375665126991,-0.245743559392787,-0.0264331815761687,-0.275155682798651
"X600018.SH",-0.868265986733873,-0.312587571150809,0.550987644512004,-0.275786372685191
"X600350.SH",-0.199847482383437,0.00575285710865382,-0.66385003513743,-0.277368146362008
"X600246.SH",-0.586402904517936,0.835239453794397,-0.987851260099099,-0.280344703698585
"X600506.SH",-0.0620676077898095,-1.07254503329402,0.213423597323685,-0.282563473907025
"X600231.SH",-1.17175800192336,1.73736505011045,-1.11719003649624,-0.282650696685079
"X600519.SH",1.2770221819676,-2.8751509113626,0.228320618286214,-0.283240215135877
"X600191.SH",-0.954352101709065,0.43915532609788,-0.130152949188663,-0.289040127610861
"X600310.SH",-0.59459380402744,0.338453437440296,-0.513936306130984,-0.290482382218182
"X600316.SH",-0.481503863612236,0.111175985934503,-0.439271946589487,-0.29103033364139
"X600259.SH",-0.748442651160165,-2.59290063503555,2.61166058947539,-0.293749074132114
"X600333.SH",-0.964501537417407,0.565147755464601,-0.260395133132446,-0.294374828267316
"X600396.SH",-0.121580005429871,-0.108133102546686,-0.723892547073621,-0.298239697058041
"X600477.SH",-0.936554676552213,0.615676874683261,-0.374377831113279,-0.302232157549891
"X600586.SH",-0.316149249539011,0.92806757090808,-1.51821578114105,-0.303504162885495
"X600172.SH",-1.0938028127482,0.168794803772509,0.277025576779539,-0.303775010933665
"X600545.SH",-0.886104526930374,0.347276941783085,-0.185970524335819,-0.30604988553797
"X600127.SH",-0.0115723582215708,-0.446623984214327,-0.579074977542215,-0.312338631815591
"X600185.SH",-1.0073045029132,-0.281634136647746,0.57395751399454,-0.315224787961242
"X600064.SH",-1.07849259289568,0.561879398905275,-0.175277622036044,-0.315416504097503
"X600122.SH",-0.987479971525675,1.09454098963936,-0.838263386206363,-0.318108707580371
"X600237.SH",-1.1528345855989,0.460854480277752,-0.00536669112109356,-0.324487497492563
"X600159.SH",-0.0300452170144926,0.232184943220709,-1.29254788145161,-0.330126968275066
"X600210.SH",-0.911322883924776,0.678815018905481,-0.567959491594815,-0.331272495376711
"X600515.SH",-0.375622843701588,-0.853324866756725,0.246628591041111,-0.332258020195319
"X600085.SH",0.307422374104979,-1.64017266804874,0.109396641704424,-0.336263858261303
"X600339.SH",-0.907718342120857,0.530960366089582,-0.474577700609656,-0.346172537204365
"X600197.SH",0.540631611466539,-1.29233210312968,-0.583966608746419,-0.346636968976215
"X600063.SH",-1.14651169259158,1.15405316221096,-0.788008453680867,-0.348791264477606
"X600019.SH",-1.21230212455205,1.09177852886921,-0.641821816454901,-0.349933836096529
"X600373.SH",-0.908580694501255,-0.00853424365222061,0.0411396936736469,-0.353650642794074
"X600466.SH",0.0360300588083601,-0.868027642480337,-0.363129314907359,-0.354935063692965
"X600021.SH",-1.40424568819525,0.454193130666122,0.212819959572773,-0.361594348206431
"X600167.SH",-0.516196793540406,-1.14227180814313,0.586701514236692,-0.373149805588094
"X600186.SH",-1.39478012658715,1.24502382721635,-0.633215264498762,-0.374369481819584
"X600007.SH",-0.796428113924843,-0.282270400179629,0.0921458257470363,-0.375608617899715
"X600532.SH",-0.287511867983961,-1.21933553194546,0.342980979010384,-0.377911113074106
"X600012.SH",-0.598648821811252,-0.0608590142242311,-0.41340041000511,-0.381737355993303
"X600592.SH",-0.984540139316891,0.0671549767486521,-0.0329978326004359,-0.383568912482291
"X600132.SH",0.223019895665277,-1.56784352487002,-0.0130053573231188,-0.38504670639183
"X600219.SH",-1.44749921122258,1.26800606991935,-0.640387651433392,-0.390714158943242
"X600096.SH",-1.29384225084038,1.65112426678684,-1.23695435273771,-0.39328592612141
"X600267.SH",-0.470239925323869,-0.118325802297932,-0.565809437410671,-0.393336542042129
"X600375.SH",-0.736519426460862,-0.184173557242938,-0.156527231364782,-0.396818007166661
"X600180.SH",-0.659553346688867,-1.79767535665522,1.35411244381913,-0.396890212526374
"X600611.SH",-0.982523838678794,0.174376977775745,-0.20087376454991,-0.400958571503767
"X600565.SH",-0.545461890826949,-0.0201001242390898,-0.590405724411718,-0.401336510926022
"X600559.SH",-0.149863427846786,-1.32478182457011,0.18332256753018,-0.402383148250694
"X600202.SH",-0.81805536474836,1.05207030448743,-1.31525243859774,-0.406176786132437
"X600475.SH",-1.24069330424816,0.503620971373286,-0.225461587757478,-0.412829506614523
"X600029.SH",-0.42112915438659,0.253411033146904,-1.07848241172621,-0.415973075328427
"X600619.SH",-1.44164196331263,0.560967143289759,-0.0647432699159163,-0.427789623312898
"X600518.SH",-0.731112736082446,-0.908798066880292,0.428371923944024,-0.436572937313859
"X600222.SH",-1.2861908478341,0.294148397335226,-0.0525213014919284,-0.441988210380651
"X600139.SH",0.241198783913681,-1.57906797719493,-0.223824177594928,-0.444388132871486
"X600496.SH",-1.21681375507682,0.173840589798231,-0.0498864692740888,-0.449539265873487
"X600509.SH",-0.784278524803537,-0.157297418779842,-0.298251651923404,-0.450376131132389
"X600331.SH",0.0393406428418471,-0.49160305075524,-1.07152583936735,-0.453202409900039
"X600463.SH",-1.29497711727678,-0.114565888197508,0.322619828370934,-0.455574664858682
"X600535.SH",0.175409017365319,-2.44263586303674,0.677366049683914,-0.459417337059721
"X600500.SH",-1.20690148938306,0.523513432963804,-0.453223278447011,-0.461673549398187
"X600470.SH",-1.30241968606841,1.23597197570791,-1.04326357198042,-0.463155353309119
"X600560.SH",-0.985677741399537,0.0374097375116649,-0.303492094293775,-0.474095803594448
"X600285.SH",-0.377875631359261,-0.668288835411612,-0.424865081208996,-0.479096427529887
"X600423.SH",-1.26637508354564,1.36695008195608,-1.27835545773542,-0.479971646152058
"X600056.SH",-0.437752624215851,-0.824505269435975,-0.199568954349531,-0.482323316821992
"X600258.SH",-0.76413154323764,-0.216464683325348,-0.376961420439153,-0.483680448424406
"X600599.SH",-0.930234290925754,-0.744046810981383,0.365967695650459,-0.485517450969579
"X600162.SH",-1.44569698109644,0.314023890443135,-0.0320847997098716,-0.493697065218597
"X600280.SH",0.280388922212898,-1.29833125252561,-0.727064356017889,-0.495463113677891
"X600366.SH",-0.855466614786016,-0.661605208511329,0.144484497465738,-0.497322859228084
"X600150.SH",-1.44569698109644,0.992764858158119,-0.733170832441533,-0.500400584723599
"X600467.SH",-0.71510063947391,-0.00598872960213938,-0.748450921891238,-0.512372151237577
"X600570.SH",-1.18167026761712,-1.97112431730031,1.83151991997378,-0.514549426244806
"X600233.SH",-1.10056991194088,0.206787359944464,-0.460881552593133,-0.516456222570952
"X600491.SH",-0.654968513253086,0.42324373420226,-1.2724937691828,-0.516762415795395
"X600107.SH",-0.292720257899208,-0.594407600161851,-0.753929734613199,-0.521589303592198
"X600503.SH",-0.349490506872577,-0.885367093068159,-0.399510604782435,-0.525259512104209
"X600020.SH",-1.26568470458405,0.556400720667934,-0.638209142069094,-0.530816408253968
"X600084.SH",-1.03388739727375,0.487259284153696,-0.878759742543635,-0.53100509642648
"X600329.SH",-0.094474944023951,-1.27422031173377,-0.384506087096144,-0.535407897258555
"X600403.SH",0.00869006975529335,-0.84556463208775,-0.959202231953538,-0.537954031310269
"X600221.SH",-0.549087493342437,0.146563221811593,-1.2423367904411,-0.548367067925828
"X600353.SH",-1.02914634414039,-0.0468756724529343,-0.411586229073432,-0.549197108114068
"X600369.SH",-1.3483497572948,0.318810301473995,-0.352591287870313,-0.549474198836816
"X600015.SH",-1.21117570523833,0.0827090954428636,-0.334922229583458,-0.56013422233751
"X600109.SH",-1.39658621015916,-0.539400419419924,0.530729531439708,-0.561235750457729
"X600425.SH",-0.864928322948244,0.647418163384468,-1.37371865550688,-0.563861476816022
"X600478.SH",-0.972970363117792,-1.46740194078273,0.869604864331836,-0.568527268182386
"X600054.SH",-0.599549936874321,-0.457836785439017,-0.639273612332349,-0.568953094081138
"X600581.SH",-1.25871560550955,1.27528264658944,-1.49652981769184,-0.569860393534539
"X600604.SH",-1.04897132406195,-1.30554308227175,0.777669486085246,-0.577950608480731
"X600609.SH",-0.654724564258258,-0.96808232600768,-0.0897254310815352,-0.579232152830068
"X600028.SH",-1.06497586694964,0.3124658981921,-0.849580759346943,-0.587124805126309
"X600415.SH",-0.347688276746438,-0.123289626616189,-1.38919823423082,-0.592821668952677
"X600170.SH",-1.030733494553,0.438228376093302,-1.06819156486778,-0.601282354453544
"X600293.SH",-0.634693424334025,0.148516213125342,-1.31242290359131,-0.6030493768734
"X600533.SH",-1.43488360033961,0.500738894441741,-0.614180696116286,-0.607985980638206
"X600315.SH",0.748595455284598,-3.30081383459163,0.276061686310038,-0.607987462370639
"X600216.SH",-0.114299475411477,-0.322746561354059,-1.55776673642286,-0.609873779497667
"X600097.SH",-1.11228440776078,-0.178409198911544,-0.37378615115943,-0.610572368125604
"X600062.SH",-1.04334910543598,-0.29725984405969,-0.351476655836114,-0.611960592143131
"X600487.SH",-1.19518055098344,0.369816132172012,-0.838123927205702,-0.618564558903481
"X600377.SH",-1.21501152495069,-0.194347234229322,-0.262157741972677,-0.622956102840874
"X600538.SH",-1.41910858143953,-0.707939065595191,0.517983056590093,-0.624630235277341
"X600459.SH",-1.43623527293421,0.111948861596636,-0.279805703435963,-0.624851161725482
"X600325.SH",-1.45786203444788,0.534181331873808,-0.684040854972602,-0.628102670708788
"X600363.SH",-1.47182931792545,0.118930637459509,-0.25757783087946,-0.630325885196166
"X600594.SH",-0.910434633633246,-2.02894088788148,1.10748894152712,-0.640609437359606
"X600195.SH",-0.347688276746438,-0.815610084527326,-0.86037190898733,-0.641869908752972
"X600351.SH",-1.07984426549028,-0.460624851484377,-0.246492537761748,-0.644072922969951
"X600585.SH",-1.15959294857192,-0.222808471366416,-0.406687175917289,-0.65268587361388
"X600525.SH",-1.14966573803254,-0.551290057208282,-0.122891066756446,-0.662120632402436
"X600510.SH",-1.34995056468923,0.417642444825442,-0.828853030121601,-0.663343401464539
"X600157.SH",0.163956992956954,-0.304263219365739,-2.13176913639408,-0.665226909545165
"X600115.SH",-0.554494183720853,-0.34180410140683,-1.16147891675178,-0.672782578935923
"X600035.SH",-0.902086245552233,0.0504754951909008,-1.0923909700966,-0.673409140692603
"X600468.SH",-0.217899154395766,-2.15730109892912,0.170025341948573,-0.683342388852472
"X600616.SH",-0.650462937937739,-0.545418547597476,-0.879957422628764,-0.687797966242968
"X600248.SH",-1.13030670902217,-0.676474344300441,-0.11097875159443,-0.688358612377328
"X600520.SH",-1.27876086406182,-0.748155789353703,0.156729023535992,-0.688932375370041
"X600208.SH",-1.39568509509609,-0.0508140225494606,-0.434556867311575,-0.703885304996747
"X600326.SH",-0.898919125476222,-0.454623821011515,-0.720610160771811,-0.712137844725487
"X600433.SH",-1.4788128322225,-1.30843937384194,0.897472548731557,-0.714815180422113
"X600521.SH",-0.363908347881686,-1.26947208953879,-0.688121168444116,-0.732841316547547
"X600118.SH",-0.724354373109426,-1.72693216925981,0.240572762705825,-0.735649571209965
"X600575.SH",-0.69995367627317,0.107432641556285,-1.63452666015256,-0.738109676088151
"X600613.SH",-1.19662930861222,-1.83601197512662,0.918073307961555,-0.75403332359441
"X600166.SH",-1.16590075401341,0.404227745119919,-1.36704085151322,-0.755204233523353
"X600348.SH",-0.146289060150438,-0.613114453047682,-1.7118318841183,-0.75599952520997
"X600572.SH",-1.05392756904234,-1.5443923852533,0.408294971590755,-0.7624002517157
"X600517.SH",-0.55641721587306,-1.35250245812529,-0.447331636482505,-0.762517114731561
"X600311.SH",-0.894744744001058,-1.06825037226044,-0.3162458994432,-0.773246779111517
"X600499.SH",-1.38216836915005,-1.15199341491344,0.374415818485835,-0.7861406265883
"X600497.SH",-1.04942189178744,-0.52651483917939,-0.734011058003663,-0.797926525869892
"X600562.SH",-1.05236025606667,-1.88132416514872,0.570214863797672,-0.814276892831982
"X600511.SH",-0.928006377363098,-1.74057395417653,0.261430406017326,-0.814945615393
"X600036.SH",-1.43623527293421,-0.462295714042615,-0.387597754671263,-0.829462149787848
"X600077.SH",-1.23122034157737,-0.389467013224984,-0.852710692620845,-0.865141448384696
"X600153.SH",-1.45200478653792,-0.446918133377171,-0.50655723803573,-0.86684452603904
"X600458.SH",-1.3420531499743,-0.521553526889066,-0.581135351054064,-0.86762792337266
"X600327.SH",-1.21861598520296,-0.457849181762745,-0.875781600157777,-0.887535628657342
"X600239.SH",-0.755442842785318,-0.276391980557742,-1.67834570354177,-0.88859844234398
"X600298.SH",-1.00189781253479,-0.565056694862359,-1.07654785788197,-0.893240490837213
"X600223.SH",-1.08750374352637,-0.60987885728873,-0.932836797013475,-0.897816193701211
"X600439.SH",-1.45042716747348,0.058356969965407,-1.27158794127178,-0.944140158381307
"X600479.SH",-1.43938917565495,-0.638958368733441,-0.637503158818119,-0.95869412852745
"X600048.SH",-1.46867541520471,-0.158006823818835,-1.08279071828385,-0.959709428712688
"X600507.SH",-1.28259515468089,-0.253982860336178,-1.2515014870244,-0.964683366080529
"X600106.SH",-0.923037644787515,-0.822475343460544,-1.17717057850055,-0.969108834503335
"X600582.SH",-1.21951120815989,-0.694645039510987,-0.957104845945477,-0.983329448900896
"X600125.SH",-1.26862787120331,-0.613031178426047,-1.01368864410776,-0.995467095241466
"X600309.SH",-1.25060556994193,-1.74259573648572,0.0267979761222978,-1.0149815560858
"X600552.SH",-0.720230600291018,-1.70406519493417,-0.736094368863452,-1.02014010925569
"X600547.SH",0.141952568164197,-2.05733777142597,-1.54557585490442,-1.02409306063344
"X600238.SH",-0.993787776967161,-1.1581690176763,-1.03483249082955,-1.05541556333862
"X600612.SH",-1.27133121639252,-1.73853333594602,-0.152306024256232,-1.07578429461768
"X600251.SH",-0.717146347484033,-2.46995605244592,-0.211908256202233,-1.09141783158806
"X600365.SH",-1.47791133982907,-1.53991942198303,-0.231684886976549,-1.1226458286195
"X600256.SH",0.205145814446607,-2.61455049226383,-1.55635113937436,-1.16921216371281
"X600111.SH",-0.663285351042567,-3.234628014647,0.118790457385708,-1.20006540759541
"X600252.SH",-0.849609366876065,-2.41944711358802,-0.625959788363266,-1.25346581733581
"X600161.SH",-1.31052972163604,-2.47926370185544,-0.00672786176900878,-1.27000935774175
"X600489.SH",-0.741926116839278,-0.950711203893167,-2.36474609317548,-1.29140763585631
"X600193.SH",-0.982906921164337,-2.09123953297801,-0.921738955035995,-1.29705631486994
"X600406.SH",-0.613948185101419,-2.4481655945654,-1.25693666211059,-1.35710995104337
"X600031.SH",-1.03253572467914,-1.54098722586477,-2.13171959374262,-1.51482633575387
"X600276.SH",-1.33666205846505,-3.40142133329936,-0.241915937367859,-1.62766600458618
